Fatura No;Tarih;Hane No;Müþteri Adý;Ýl;Ýlçe;Fatura Tipi;Önceki Okumasý;Þimdiki Okumasý;Tüketim Miktarý;Birim;Birim Fiyat;Tüketim Ücreti;Sabit Ücret;Vergi;Toplam Fatura
FTR20241001;01.01.2024;H34001;Hasan Özdemir;Ýzmir;Gaziemir;Elektrik;47388;47594;206;kWh;8,39;1728,34;25,00;315,60;2068,94
FTR20241002;04.01.2024;H34002;Nurgül Kýlýç;Antalya;Merkez;Elektrik;13749;14310;561;kWh;5,94;3332,34;25,00;604,32;3961,66
FTR20241003;07.01.2024;H34003;Ayþe Demirel;Ýzmir;Gaziemir;Su;1252;1384;132;m³;8,74;1153,68;15,50;210,45;1379,63
FTR20241004;10.01.2024;H34004;Gülbahar Þimþek;Bursa;Merkez;Elektrik;46530;47263;733;kWh;6,81;4991,73;25,00;903,01;5919,74
FTR20241005;13.01.2024;H34005;Zeynep Arslan;Ýzmir;Alsancak;Elektrik;2186;2371;185;kWh;6,41;1185,85;25,00;217,95;1428,80
FTR20241006;16.01.2024;H34006;Gülbahar Þimþek;Konya;Merkez;Su;1079;1220;141;m³;12,13;1710,33;15,50;310,65;2036,48
FTR20241007;19.01.2024;H34007;Fatma Þahin;Gaziantep;Merkez;Su;647;716;69;m³;10,51;725,19;15,50;133,32;874,01
FTR20241008;22.01.2024;H34008;Zeynep Arslan;Gaziantep;Merkez;Su;3023;3047;24;m³;11,26;270,24;15,50;51,43;337,17
FTR20241009;25.01.2024;H34009;Ayþe Demirel;Antalya;Merkez;Su;1795;1831;36;m³;11,50;414,00;15,50;77,31;506,81
FTR20241010;28.01.2024;H34010;Zeynep Arslan;Bursa;Merkez;Doðalgaz;1397;1740;343;m³;5,76;1975,68;12,00;357,78;2345,46
FTR20241011;31.01.2024;H34011;Ayþe Demirel;Ýzmir;Balçova;Su;2336;2455;119;m³;10,69;1272,11;15,50;231,77;1519,38
FTR20241012;03.02.2024;H34012;Ayþe Demirel;Antalya;Merkez;Su;3082;3114;32;m³;11,48;367,36;15,50;68,91;451,77
FTR20241013;06.02.2024;H34013;Fatma Þahin;Gaziantep;Merkez;Elektrik;36072;36679;607;kWh;7,43;4510,01;25,00;816,30;5351,31
FTR20241014;09.02.2024;H34014;Ayþe Demirel;Ýzmir;Konak;Doðalgaz;11057;11318;261;m³;5,94;1550,34;12,00;281,22;1843,56
FTR20241015;12.02.2024;H34015;Gülbahar Þimþek;Ýstanbul;Þiþli;Elektrik;37276;37496;220;kWh;8,20;1804,00;25,00;329,22;2158,22
FTR20241016;15.02.2024;H34016;Mehmet Kaya;Gaziantep;Merkez;Elektrik;31517;31942;425;kWh;5,73;2435,25;25,00;442,84;2903,09
FTR20241017;18.02.2024;H34017;Ýbrahim Koçak;Konya;Merkez;Doðalgaz;8449;8602;153;m³;5,35;818,55;12,00;149,50;980,05
FTR20241018;21.02.2024;H34018;Kadir Doðan;Adana;Merkez;Elektrik;22400;23194;794;kWh;6,92;5494,48;25,00;993,51;6512,99
FTR20241019;24.02.2024;H34019;Fatma Þahin;Konya;Merkez;Elektrik;49781;50320;539;kWh;4,80;2587,20;25,00;470,20;3082,40
FTR20241020;27.02.2024;H34020;Fatma Þahin;Antalya;Merkez;Doðalgaz;586;997;411;m³;4,84;1989,24;12,00;360,22;2361,46
FTR20241021;01.03.2024;H34021;Hasan Özdemir;Ankara;Çankaya;Su;4064;4210;146;m³;9,65;1408,90;15,50;256,39;1680,79
FTR20241022;04.03.2024;H34022;Ahmet Yýlmaz;Antalya;Merkez;Elektrik;28745;29255;510;kWh;7,44;3794,40;25,00;687,49;4506,89
FTR20241023;07.03.2024;H34023;Ahmet Yýlmaz;Konya;Merkez;Elektrik;47741;47941;200;kWh;4,80;960,00;25,00;177,30;1162,30
FTR20241024;10.03.2024;H34024;Ýbrahim Koçak;Ankara;Mamak;Su;3138;3172;34;m³;9,30;316,20;15,50;59,71;391,41
FTR20241025;13.03.2024;H34025;Gülbahar Þimþek;Konya;Merkez;Doðalgaz;18371;18753;382;m³;5,78;2207,96;12,00;399,59;2619,55
FTR20241026;16.03.2024;H34026;Ayþe Demirel;Ýzmir;Alsancak;Elektrik;36049;36511;462;kWh;5,43;2508,66;25,00;456,06;2989,72
FTR20241027;19.03.2024;H34027;Hasan Özdemir;Bursa;Merkez;Doðalgaz;2602;3044;442;m³;6,05;2674,10;12,00;483,50;3169,60
FTR20241028;22.03.2024;H34028;Ýbrahim Koçak;Bursa;Merkez;Su;2747;2897;150;m³;9,58;1437,00;15,50;261,45;1713,95
FTR20241029;25.03.2024;H34029;Gülbahar Þimþek;Ankara;Keçiören;Doðalgaz;12288;12665;377;m³;6,60;2488,20;12,00;450,04;2950,24
FTR20241030;28.03.2024;H34030;Gülbahar Þimþek;Konya;Merkez;Elektrik;43604;43738;134;kWh;6,27;840,18;25,00;155,73;1020,91
FTR20241031;31.03.2024;H34031;Ayþe Demirel;Antalya;Merkez;Doðalgaz;6542;6708;166;m³;4,19;695,54;12,00;127,36;834,90
FTR20241032;03.04.2024;H34032;Ayþe Demirel;Ýzmir;Balçova;Doðalgaz;3361;3636;275;m³;4,32;1188,00;12,00;216,00;1416,00
FTR20241033;06.04.2024;H34033;Fatma Þahin;Gaziantep;Merkez;Elektrik;18995;19670;675;kWh;5,89;3975,75;25,00;720,13;4720,88
FTR20241034;09.04.2024;H34034;Hasan Özdemir;Bursa;Merkez;Doðalgaz;11989;12317;328;m³;3,77;1236,56;12,00;224,74;1473,30
FTR20241035;12.04.2024;H34035;Ahmet Yýlmaz;Bursa;Merkez;Su;1161;1214;53;m³;10,69;566,57;15,50;104,77;686,84
FTR20241036;15.04.2024;H34036;Ýbrahim Koçak;Ýstanbul;Kadýköy;Doðalgaz;7470;7923;453;m³;6,02;2727,06;12,00;493,03;3232,09
FTR20241037;18.04.2024;H34037;Gülbahar Þimþek;Ankara;Çankaya;Su;1005;1054;49;m³;8,91;436,59;15,50;81,38;533,47
FTR20241038;21.04.2024;H34038;Ayþe Demirel;Antalya;Merkez;Su;263;333;70;m³;11,83;828,10;15,50;151,85;995,45
FTR20241039;24.04.2024;H34039;Nurgül Kýlýç;Gaziantep;Merkez;Doðalgaz;2960;3056;96;m³;4,69;450,24;12,00;83,20;545,44
FTR20241040;27.04.2024;H34040;Zeynep Arslan;Konya;Merkez;Doðalgaz;12241;12318;77;m³;5,42;417,34;12,00;77,28;506,62
FTR20241041;30.04.2024;H34041;Gülbahar Þimþek;Konya;Merkez;Su;3141;3166;25;m³;12,20;305,00;15,50;57,69;378,19
FTR20241042;03.05.2024;H34042;Ayþe Demirel;Konya;Merkez;Elektrik;38077;38215;138;kWh;6,93;956,34;25,00;176,64;1157,98
FTR20241043;06.05.2024;H34043;Zeynep Arslan;Ýzmir;Gaziemir;Doðalgaz;6319;6500;181;m³;4,10;742,10;12,00;135,74;889,84
FTR20241044;09.05.2024;H34044;Kadir Doðan;Antalya;Merkez;Doðalgaz;16016;16253;237;m³;5,71;1353,27;12,00;245,75;1611,02
FTR20241045;12.05.2024;H34045;Ýbrahim Koçak;Konya;Merkez;Elektrik;6313;6875;562;kWh;7,74;4349,88;25,00;787,48;5162,36
FTR20241046;15.05.2024;H34046;Ahmet Yýlmaz;Ankara;Yenimahalle;Doðalgaz;16431;16800;369;m³;4,16;1535,04;12,00;278,47;1825,51
FTR20241047;18.05.2024;H34047;Nurgül Kýlýç;Konya;Merkez;Elektrik;47930;48196;266;kWh;6,79;1806,14;25,00;329,61;2160,75
FTR20241048;21.05.2024;H34048;Fatma Þahin;Bursa;Merkez;Doðalgaz;18409;18469;60;m³;5,55;333,00;12,00;62,10;407,10
FTR20241049;24.05.2024;H34049;Ýbrahim Koçak;Ankara;Çankaya;Su;1369;1417;48;m³;9,65;463,20;15,50;86,17;564,87
FTR20241050;27.05.2024;H34050;Hasan Özdemir;Ýstanbul;Kadýköy;Su;3302;3349;47;m³;9,30;437,10;15,50;81,47;534,07
FTR20241051;30.05.2024;H34051;Nurgül Kýlýç;Adana;Merkez;Elektrik;19345;19744;399;kWh;5,13;2046,87;25,00;372,94;2444,81
FTR20241052;02.06.2024;H34052;Nurgül Kýlýç;Ýzmir;Gaziemir;Su;3941;4014;73;m³;10,20;744,60;15,50;136,82;896,92
FTR20241053;05.06.2024;H34053;Ýbrahim Koçak;Ankara;Çankaya;Doðalgaz;5691;6150;459;m³;5,61;2574,99;12,00;465,66;3052,65
FTR20241054;08.06.2024;H34054;Hasan Özdemir;Antalya;Merkez;Doðalgaz;15486;15794;308;m³;6,73;2072,84;12,00;375,27;2460,11
FTR20241055;11.06.2024;H34055;Gülbahar Þimþek;Konya;Merkez;Elektrik;28352;28827;475;kWh;5,71;2712,25;25,00;492,70;3229,95
FTR20241056;14.06.2024;H34056;Ahmet Yýlmaz;Gaziantep;Merkez;Su;3139;3194;55;m³;9,30;511,50;15,50;94,86;621,86
FTR20241057;17.06.2024;H34057;Zeynep Arslan;Ýzmir;Alsancak;Elektrik;49267;50064;797;kWh;7,78;6200,66;25,00;1120,62;7346,28
FTR20241058;20.06.2024;H34058;Ahmet Yýlmaz;Ankara;Yenimahalle;Su;4689;4724;35;m³;8,52;298,20;15,50;56,47;370,17
FTR20241059;23.06.2024;H34059;Kadir Doðan;Ankara;Mamak;Doðalgaz;12689;12775;86;m³;5,88;505,68;12,00;93,18;610,86
FTR20241060;26.06.2024;H34060;Gülbahar Þimþek;Ankara;Mamak;Su;1496;1571;75;m³;11,89;891,75;15,50;163,31;1070,56
FTR20241061;29.06.2024;H34061;Hasan Özdemir;Bursa;Merkez;Doðalgaz;1621;1817;196;m³;5,71;1119,16;12,00;203,61;1334,77
FTR20241062;02.07.2024;H34062;Gülbahar Þimþek;Gaziantep;Merkez;Elektrik;16945;17419;474;kWh;5,57;2640,18;25,00;479,73;3144,91
FTR20241063;05.07.2024;H34063;Mehmet Kaya;Ankara;Mamak;Elektrik;23364;23764;400;kWh;8,42;3368,00;25,00;610,74;4003,74
FTR20241064;08.07.2024;H34064;Ýbrahim Koçak;Adana;Merkez;Elektrik;25727;26092;365;kWh;5,76;2102,40;25,00;382,93;2510,33
FTR20241065;11.07.2024;H34065;Ýbrahim Koçak;Ankara;Çankaya;Elektrik;27358;28000;642;kWh;7,82;5020,44;25,00;908,18;5953,62
FTR20241066;14.07.2024;H34066;Hasan Özdemir;Antalya;Merkez;Doðalgaz;2401;2777;376;m³;5,18;1947,68;12,00;352,74;2312,42
FTR20241067;17.07.2024;H34067;Ýbrahim Koçak;Antalya;Merkez;Su;550;601;51;m³;10,00;510,00;15,50;94,59;620,09
FTR20241068;20.07.2024;H34068;Zeynep Arslan;Ankara;Çankaya;Su;262;301;39;m³;9,70;378,30;15,50;70,88;464,68
FTR20241069;23.07.2024;H34069;Zeynep Arslan;Ýzmir;Alsancak;Elektrik;38652;38954;302;kWh;8,40;2536,80;25,00;461,12;3022,92
FTR20241070;26.07.2024;H34070;Ýbrahim Koçak;Gaziantep;Merkez;Su;3027;3075;48;m³;10,88;522,24;15,50;96,79;634,53
FTR20241071;29.07.2024;H34071;Ahmet Yýlmaz;Ankara;Mamak;Doðalgaz;18721;18802;81;m³;3,72;301,32;12,00;56,40;369,72
FTR20241072;01.08.2024;H34072;Hasan Özdemir;Konya;Merkez;Doðalgaz;1341;1703;362;m³;5,14;1860,68;12,00;337,08;2209,76
FTR20241073;04.08.2024;H34073;Zeynep Arslan;Konya;Merkez;Elektrik;25056;25384;328;kWh;6,47;2122,16;25,00;386,49;2533,65
FTR20241074;07.08.2024;H34074;Hasan Özdemir;Bursa;Merkez;Elektrik;3147;3927;780;kWh;6,06;4726,80;25,00;855,32;5607,12
FTR20241075;10.08.2024;H34075;Gülbahar Þimþek;Ankara;Mamak;Elektrik;30503;30775;272;kWh;7,13;1939,36;25,00;353,58;2317,94
FTR20241076;13.08.2024;H34076;Kadir Doðan;Gaziantep;Merkez;Doðalgaz;794;1025;231;m³;3,98;919,38;12,00;167,65;1099,03
FTR20241077;16.08.2024;H34077;Zeynep Arslan;Ýzmir;Konak;Elektrik;37795;38447;652;kWh;4,93;3214,36;25,00;583,08;3822,44
FTR20241078;19.08.2024;H34078;Gülbahar Þimþek;Antalya;Merkez;Doðalgaz;5816;5926;110;m³;6,74;741,40;12,00;135,61;889,01
FTR20241079;22.08.2024;H34079;Gülbahar Þimþek;Bursa;Merkez;Su;4136;4195;59;m³;9,15;539,85;15,50;99,96;655,31
FTR20241080;25.08.2024;H34080;Kadir Doðan;Ýzmir;Gaziemir;Elektrik;20416;20541;125;kWh;5,63;703,75;25,00;131,17;859,92
FTR20241081;28.08.2024;H34081;Nurgül Kýlýç;Gaziantep;Merkez;Su;2844;2984;140;m³;11,55;1617,00;15,50;293,85;1926,35
FTR20241082;31.08.2024;H34082;Mehmet Kaya;Konya;Merkez;Doðalgaz;4332;4435;103;m³;6,10;628,30;12,00;115,25;755,55
FTR20241083;03.09.2024;H34083;Ahmet Yýlmaz;Gaziantep;Merkez;Elektrik;41484;42168;684;kWh;5,52;3775,68;25,00;684,12;4484,80
FTR20241084;06.09.2024;H34084;Gülbahar Þimþek;Antalya;Merkez;Elektrik;16430;17129;699;kWh;7,89;5515,11;25,00;997,22;6537,33
FTR20241085;09.09.2024;H34085;Zeynep Arslan;Ýzmir;Balçova;Elektrik;7730;8112;382;kWh;5,41;2066,62;25,00;376,49;2468,11
FTR20241086;12.09.2024;H34086;Kadir Doðan;Bursa;Merkez;Doðalgaz;12362;12707;345;m³;4,55;1569,75;12,00;284,71;1866,46
FTR20241087;15.09.2024;H34087;Fatma Þahin;Antalya;Merkez;Su;4815;4956;141;m³;9,31;1312,71;15,50;239,08;1567,29
FTR20241088;18.09.2024;H34088;Ýbrahim Koçak;Bursa;Merkez;Doðalgaz;14829;15180;351;m³;3,99;1400,49;12,00;254,25;1666,74
FTR20241089;21.09.2024;H34089;Nurgül Kýlýç;Ýstanbul;Beþiktaþ;Su;3863;3957;94;m³;10,00;940,00;15,50;171,99;1127,49
FTR20241090;24.09.2024;H34090;Ýbrahim Koçak;Gaziantep;Merkez;Elektrik;16537;17037;500;kWh;5,75;2875,00;25,00;522,00;3422,00
FTR20241091;27.09.2024;H34091;Kadir Doðan;Bursa;Merkez;Doðalgaz;16477;16540;63;m³;5,28;332,64;12,00;62,04;406,68
FTR20241092;30.09.2024;H34092;Ayþe Demirel;Bursa;Merkez;Elektrik;14146;14685;539;kWh;5,57;3002,23;25,00;544,90;3572,13
FTR20241093;03.10.2024;H34093;Ýbrahim Koçak;Bursa;Merkez;Doðalgaz;10347;10615;268;m³;6,06;1624,08;12,00;294,49;1930,57
FTR20241094;06.10.2024;H34094;Ayþe Demirel;Bursa;Merkez;Doðalgaz;16271;16634;363;m³;6,41;2326,83;12,00;420,99;2759,82
FTR20241095;09.10.2024;H34095;Nurgül Kýlýç;Konya;Merkez;Doðalgaz;8459;8655;196;m³;4,82;944,72;12,00;172,21;1128,93
FTR20241096;12.10.2024;H34096;Ahmet Yýlmaz;Adana;Merkez;Elektrik;15678;16248;570;kWh;7,10;4047,00;25,00;732,96;4804,96
FTR20241097;15.10.2024;H34097;Hasan Özdemir;Ankara;Çankaya;Elektrik;32413;33042;629;kWh;8,35;5252,15;25,00;949,89;6227,04
FTR20241098;18.10.2024;H34098;Fatma Þahin;Ýzmir;Alsancak;Su;684;732;48;m³;9,41;451,68;15,50;84,09;551,27
FTR20241099;21.10.2024;H34099;Hasan Özdemir;Ýzmir;Konak;Doðalgaz;1634;1715;81;m³;6,29;509,49;12,00;93,87;615,36
FTR20241100;24.10.2024;H34100;Zeynep Arslan;Antalya;Merkez;Su;583;608;25;m³;11,40;285,00;15,50;54,09;354,59
FTR20241101;27.10.2024;H34101;Nurgül Kýlýç;Antalya;Merkez;Doðalgaz;6854;7010;156;m³;4,79;747,24;12,00;136,66;895,90
FTR20241102;30.10.2024;H34102;Gülbahar Þimþek;Antalya;Merkez;Doðalgaz;9629;9869;240;m³;3,68;883,20;12,00;161,14;1056,34
FTR20241103;02.11.2024;H34103;Gülbahar Þimþek;Antalya;Merkez;Doðalgaz;7224;7383;159;m³;4,45;707,55;12,00;129,52;849,07
FTR20241104;05.11.2024;H34104;Kadir Doðan;Adana;Merkez;Su;3547;3689;142;m³;10,23;1452,66;15,50;264,27;1732,43
FTR20241105;08.11.2024;H34105;Mehmet Kaya;Konya;Merkez;Elektrik;33730;34079;349;kWh;7,92;2764,08;25,00;502,03;3291,11
FTR20241106;11.11.2024;H34106;Mehmet Kaya;Adana;Merkez;Doðalgaz;15432;15669;237;m³;6,61;1566,57;12,00;284,14;1862,71
FTR20241107;14.11.2024;H34107;Ayþe Demirel;Bursa;Merkez;Su;4004;4079;75;m³;11,04;828,00;15,50;151,83;995,33
FTR20241108;17.11.2024;H34108;Kadir Doðan;Adana;Merkez;Elektrik;16965;17488;523;kWh;7,46;3901,58;25,00;706,78;4633,36
FTR20241109;20.11.2024;H34109;Ahmet Yýlmaz;Ýstanbul;Fatih;Elektrik;5385;5594;209;kWh;5,11;1067,99;25,00;196,74;1289,73
FTR20241110;23.11.2024;H34110;Mehmet Kaya;Ankara;Mamak;Doðalgaz;19950;20125;175;m³;3,63;635,25;12,00;116,50;763,75
FTR20241111;26.11.2024;H34111;Nurgül Kýlýç;Konya;Merkez;Doðalgaz;1250;1396;146;m³;4,79;699,34;12,00;128,04;839,38
FTR20241112;29.11.2024;H34112;Kadir Doðan;Gaziantep;Merkez;Elektrik;39873;40524;651;kWh;5,63;3665,13;25,00;664,22;4354,35
FTR20241113;02.12.2024;H34113;Hasan Özdemir;Adana;Merkez;Doðalgaz;12106;12422;316;m³;5,42;1712,72;12,00;310,45;2035,17
FTR20241114;05.12.2024;H34114;Kadir Doðan;Ýstanbul;Ümraniye;Su;2692;2788;96;m³;8,97;861,12;15,50;157,79;1034,41
FTR20241115;08.12.2024;H34115;Fatma Þahin;Antalya;Merkez;Su;3622;3704;82;m³;10,89;892,98;15,50;163,53;1072,01
FTR20241116;11.12.2024;H34116;Nurgül Kýlýç;Ankara;Yenimahalle;Su;3879;3981;102;m³;9,43;961,86;15,50;175,92;1153,28
FTR20241117;14.12.2024;H34117;Mehmet Kaya;Konya;Merkez;Su;1570;1719;149;m³;12,46;1856,54;15,50;336,97;2209,01
FTR20241118;17.12.2024;H34118;Mehmet Kaya;Bursa;Merkez;Elektrik;15848;16319;471;kWh;7,49;3527,79;25,00;639,50;4192,29
FTR20241119;20.12.2024;H34119;Fatma Þahin;Antalya;Merkez;Su;3557;3594;37;m³;9,83;363,71;15,50;68,26;447,47
FTR20241120;23.12.2024;H34120;Mehmet Kaya;Ýzmir;Konak;Doðalgaz;11214;11316;102;m³;5,20;530,40;12,00;97,63;640,03
